inregistrare_cititor,2025-05-07T16:30:56.652642
autentificare_cititor,2025-05-07T16:31:28.014677
afiseaza_carti,2025-05-07T16:31:34.730451
afiseaza_autori,2025-05-07T16:31:42.931129
cauta_carte,2025-05-07T16:31:48.020369
inregistrare_cititor,2025-05-07T16:38:59.160175
afiseaza_carti,2025-05-07T17:00:50.532322
afiseaza_autori,2025-05-07T17:00:55.675040
inregistrare_cititor,2025-05-07T17:03:40.889473
inregistrare_cititor,2025-05-07T17:04:29.046297
autentificare_cititor,2025-05-07T17:04:35.699619
inregistrare_cititor,2025-05-07T17:04:50.864408
autentificare_cititor,2025-05-07T17:15:02.296468
afiseaza_carti,2025-05-07T17:15:07.568023
afiseaza_carti,2025-05-07T17:17:42.215284
cauta_carte,2025-05-07T17:17:50.901981
cauta_carte,2025-05-07T17:18:10.340071
cauta_carte,2025-05-07T17:18:23.608560
cauta_carte,2025-05-07T17:18:35.246969
afiseaza_autori,2025-05-07T17:18:41.716038
sterge_carte,2025-05-07T17:19:22.618148
autentificare_admin,2025-05-13T21:36:03.016711772
admin_afiseaza_carti,2025-05-13T21:36:10.922022022
autentificare_admin,2025-05-13T21:49:49.511894063
admin_afiseaza_carti,2025-05-13T21:49:52.037455366
autentificare_admin,2025-05-13T21:51:00.401690657
admin_afiseaza_autori,2025-05-13T21:51:05.411619289
autentificare_admin,2025-05-13T21:59:35.241004921
autentificare_admin,2025-05-13T22:01:13.234013671
admin_importa_date_dummy,2025-05-13T22:01:23.602543726
admin_afiseaza_carti,2025-05-13T22:01:27.989209926
admin_afiseaza_autori,2025-05-13T22:01:39.127253383
admin_schimba_parola,2025-05-13T22:01:53.494162875
admin_statistici,2025-05-13T22:02:02.197452751
inregistrare_user,2025-05-13T22:23:21.633836097
user_afiseaza_carti,2025-05-13T22:23:29.332191474
user_cauta_carte,2025-05-13T22:23:36.411049753
user_cauta_carte,2025-05-13T22:23:45.086910466
autentificare_user,2025-05-13T22:24:02.361721982
autentificare_admin,2025-05-13T22:24:14.385545684
admin_afiseaza_autori,2025-05-13T22:24:19.712797301
autentificare_admin,2025-05-13T22:26:32.451245581
admin_afiseaza_carti,2025-05-13T22:26:35.061060264
admin_afiseaza_autori,2025-05-13T22:26:40.012299094
admin_importa_date_dummy,2025-05-13T22:26:43.259450400
admin_importa_date_dummy,2025-05-13T22:26:54.529226996
admin_afiseaza_carti,2025-05-13T22:27:00.008686123
inregistrare_user,2025-05-13T22:27:33.467105658
user_afiseaza_carti,2025-05-13T22:27:36.565903874
user_cauta_carte,2025-05-13T22:27:40.409847389
user_cauta_carte,2025-05-13T22:27:50.415958521
autentificare_admin,2025-05-13T22:29:28.855964035
admin_afiseaza_carti,2025-05-13T22:29:30.462693930
admin_importa_date_dummy,2025-05-13T22:29:39.447181742
admin_afiseaza_carti,2025-05-13T22:29:42.152821957
admin_afiseaza_autori,2025-05-13T22:29:43.592026636
inregistrare_user,2025-05-13T22:30:03.224934108
user_cauta_carte,2025-05-13T22:30:29.212106766
user_cauta_carte,2025-05-13T22:30:50.737790109
autentificare_admin,2025-05-13T22:44:05.497651321
admin_afiseaza_carti,2025-05-13T22:44:17.423943046
admin_importa_date_dummy,2025-05-13T22:44:25.910082009
admin_afiseaza_carti,2025-05-13T22:44:27.024462403
admin_statistici,2025-05-13T22:44:35.804123528
inregistrare_user,2025-05-13T22:44:53.699859793
user_afiseaza_carti,2025-05-13T22:44:56.976353618
user_cauta_partial_titlu,2025-05-13T22:45:01.518951288
user_cauta_partial_titlu,2025-05-13T22:45:16.003444396
user_cauta_partial_titlu,2025-05-13T22:45:27.953054744
user_cauta_partial_titlu,2025-05-13T22:45:38.552573109
user_cauta_dupa_gen,2025-05-13T22:45:47.252298987
user_afiseaza_carti,2025-05-13T22:45:50.725278700
user_cauta_dupa_autor,2025-05-13T22:46:21.379258834
user_cauta_dupa_autor,2025-05-13T22:46:40.830153818
user_cauta_dupa_autor,2025-05-13T22:46:55.924478123
user_cauta_dupa_autor,2025-05-13T22:47:18.448512655
user_cauta_dupa_autor,2025-05-13T22:47:26.278725303
user_cauta_dupa_autor,2025-05-13T22:47:33.281610023
user_reseteaza_parola,2025-05-13T22:49:39.471489877
autentificare_user,2025-05-13T22:49:48.075530903
autentificare_user,2025-05-13T22:50:04.950385683
user_reseteaza_parola,2025-05-13T22:50:11.834968444
autentificare_user,2025-05-13T22:50:18.975558991
autentificare_user,2025-05-13T22:50:36.401621001
user_sorteaza_carti,2025-05-13T22:50:39.795504665
inregistrare_user,2025-05-13T22:54:49.002049614
user_reseteaza_parola,2025-05-13T22:54:59.954495037
autentificare_user,2025-05-13T22:55:16.909991805
autentificare_admin,2025-05-13T22:56:07.259066099
autentificare_user,2025-05-13T22:56:13.808445303
autentificare_user,2025-05-13T22:56:26.234282738
user_reseteaza_parola,2025-05-13T22:56:30.496485153
autentificare_user,2025-05-13T22:56:35.883922669
autentificare_user,2025-05-13T22:56:49.359063581
user_reseteaza_parola,2025-05-13T22:56:53.240677992
autentificare_user,2025-05-13T22:56:57.750229482
autentificare_admin,2025-05-13T22:57:20.985308958
admin_schimba_parola,2025-05-13T22:57:35.186338089
autentificare_user,2025-05-13T22:58:05.409959401
autentificare_user,2025-05-13T22:59:37.920872074
user_reseteaza_parola,2025-05-13T22:59:53.216619787
autentificare_admin,2025-05-13T23:00:07.935849950
admin_schimba_parola,2025-05-13T23:00:17.067181001
autentificare_user,2025-05-13T23:00:22.984514088
autentificare_admin,2025-05-13T23:00:31.410100420
autentificare_admin,2025-05-13T23:01:13.447566212
autentificare_admin,2025-05-13T23:04:44.395131125
admin_importa_date_dummy,2025-05-13T23:04:55.300138924
admin_afiseaza_carti,2025-05-13T23:04:57.306661424
admin_statistici,2025-05-13T23:05:03.891816416
admin_sterge_utilizator,2025-05-13T23:05:22.661353426
inregistrare_user,2025-05-13T23:05:39.473223731
autentificare_admin,2025-05-13T23:05:50.087994507
admin_sterge_utilizator,2025-05-13T23:06:08.782187158
